title,price,year,age,brand,model
2020 CAT 330GC Excavator for sale,315000,2020,4,CAT,330GC
2018 CAT 315FL TC Excavator for sale,,2018,6,CAT,315FL
2020 CAT – D8T Dozer Crawler for sale 1,850000,2020,4,CAT,–
2022 CAT 320 Excavator Crawler for sale,275000,2022,2,CAT,320
2020 CAT 323 TC Excavator for sale,,2020,4,CAT,323
2011 CAT 336EL Excavator for sale,,2011,13,CAT,336EL
2019 CAT 336 TC Excavator for sale,400000,2019,5,CAT,336
2019 CAT 315FL TC Excavator for sale,,2019,5,CAT,315FL
2017 CAT – D9T Dozer Crawler for sale,570000,2017,7,CAT,–
2019 CAT 323 TC Excavator for sale,225000,2019,5,CAT,323
2020 CAT 323 Excavator Crawler for sale,330000,2020,4,CAT,323
CAT D6R LGP for sale,,,,,
2019 CAT 336 TC Excavator 2 for sale,235000,2019,5,CAT,336
2018 CAT 330FL Excavator for sale,,2018,6,CAT,330FL
2012 CAT D9T Dozer Crawler for sale,575000,2012,12,CAT,D9T
2018 CAT 323 Excavator for sale,225000,2018,6,CAT,323
2013 John Deere 250G LC Excavator for sale,,2013,11,John,Deere
1985 Deere 790ELC excavator for sale,,1985,39,Deere,790ELC
2019 CAT 336 TC Excavator 1 for sale,270000,2019,5,CAT,336
2020 CAT 349FL TC Excavator for sale,,2020,4,CAT,349FL
2019 CAT – D10T Dozer Crawler for sale,1360000,2019,5,CAT,–
2018 CAT 323 TC Excavator for sale,195000,2018,6,CAT,323
2015 HITACHI ZX250 LC-6 Crawler Excavators for sale,,2015,9,HITACHI,ZX250
2020 CAT 336 TC Excavator for sale,285000,2020,4,CAT,336
2014 CAT D8T Crawler for sale,,2014,10,CAT,D8T
2008 Caterpillar D6N LGP Crawler Dozer,,2008,16,Caterpillar,D6N
2020 CAT 325FL CRX Excavator for sale,205000,2020,4,CAT,325FL
2011 CAT 329D excavator for sale,,2011,13,CAT,329D
2020 CAT 33607 Excavator for sale,172000,2020,4,CAT,33607
2018 CAT 313FL GC Excavator for sale,120000,2018,6,CAT,313FL
2015 CAT 314EL CRTC Excavator for sale,114500,2015,9,CAT,314EL
2019 CAT 325FL CRX Excavator 2 for sale,175000,2019,5,CAT,325FL
2001 Caterpillar D7R XR Crawler Dozer for sale,,2001,23,Caterpillar,D7R
2018 CAT 336FL Excavator for sale,160000,2018,6,CAT,336FL
2019 CAT 320 Excavator 2 for sale,210000,2019,5,CAT,320
2017 CAT 323FL Excavator for sale,,2017,7,CAT,323FL
2019 CAT 325FL CRX Excavator 1 for sale,270000,2019,5,CAT,325FL
1998 Hitachi 230 Excavator for sale,,1998,26,Hitachi,230
2020 CAT – 336 12 TC Excavator for sale,178500,2020,4,CAT,–
2019 CAT 320 Excavator Crawler for sale 1,215000,2019,5,CAT,320
2017 Hitachi ZX210LC-6N Excavator for sale,,2017,7,Hitachi,ZX210LC-6N
2019 CAT 326FL TC Excavator 2 for sale,230000,2019,5,CAT,326FL
2023 AGT-QH12 mini excavator for sale,5950,2023,1,AGT-QH12,mini
2021 CAT – 336 10 Excavator for sale,310000,2021,3,CAT,–
2019 CAT 320 TC 1 Excavator for sale,160000,2019,5,CAT,320
2019 CAT 323 Excavator for sale,,2019,5,CAT,323
2019 CAT 326FL TC Excavator 1 for sale,150000,2019,5,CAT,326FL
2010 Hitachi ZX270-3 excavator for sale,,2010,14,Hitachi,ZX270-3
2020 CAT – D8T Dozer Crawler for sale,715000,2020,4,CAT,–
2019 CAT 320 TC 2 Excavator for sale,215000,2019,5,CAT,320
2017 CATERPILLAR 316EL Crawler Excavator for sale,,2017,7,CATERPILLAR,316EL
2020 CAT 326 Excavator for sale,310000,2020,4,CAT,326
2003 CAT 325C Excavator for sale,,2003,21,CAT,325C
2019 CAT – D8T Dozer Crawler for sale,535000,2019,5,CAT,–
2019 CAT 320GC TC Excavator for sale,265000,2019,5,CAT,320GC
2012 CATERPILLAR 316EL Crawler Excavator for sale,,2012,12,CATERPILLAR,316EL
2024 Wolverine SP-15-84W 84 in Skid Steer Snow Pusher,,2024,0,Wolverine,SP-15-84W
2023 AGT SSECAG Skid Steer Auger,,2023,1,AGT,SSECAG
1998 Komatsu GD670A Motor Grader for sale,,1998,26,Komatsu,GD670A
2005 LINCOLN ELECTRIC CLASSIC 300D FOR SALE,,2005,19,LINCOLN,ELECTRIC
